source_id,product,id
13, Samsung G950 Fiyatı ,1
10, Dsc-w800 201mp 5x Optik 27 Lcd Dijital Kompakt Siyah ,3
5,$$ Samsung UE-48H6270 LED Televizyon final,4
2,NEW HP Pavilion 11-n000nt Pentium N3540 4GB  ,5
20,display Sony cazoo Z2 Cep Telefonu ,6
15,NEW Tefal GV8930 Pro Express Buhar Kazanlı #,8
20,BOH Sony cazoo Z2 Cep Telefonu final,9
17,$$ Samsung SM-T800 TABS 105 White Tablet ,10
12, Sony Xperia Z2 Cep Telefonu *,12
7,NEW Sony Xperia M2 Dual ( Sony Türkiye Garantili ) final,14
10,display Dsc-w800 201mp 5x Optik 27 Lcd Dijital Kompakt Siyah final,16
16,sample LG 42LB670V LED TV final,17
1,BOH SAMSUNG G850 GALAXY  ,19
4, Samsung G750F Galaxy Alpha Cep Telefonu *,20
16,display LG 42LB670V LED TV *,21
2, HP Pavilion 11-n000nt Pentium N3540 4GB  *,22
12,sample Sony Xperia Z2 Cep Telefonu #,24
3, Apple iPhone 6 Plus 16GB Cep Telefonu #,25
15,NEW Tefal GV8930 Pro Express Buhar Kazanlı *,26
15,display Tefal GV8930 Pro Express Buhar Kazanlı *,30
14,$$ Samsung Galaxy Alpha G650 Beyaz Cep Telefonu ,34
12,BOH Sony Xperia Z2 Cep Telefonu #,35
10,sample Dsc-w800 201mp 5x Optik 27 Lcd Dijital Kompakt Siyah final,36
19, SAPPHIRE 4GB R9 290X OC #,37
10,$$ Dsc-w800 201mp 5x Optik 27 Lcd Dijital Kompakt Siyah #,38
19,BOH SAPPHIRE 4GB R9 290X OC *,39
10, Dsc-w800 201mp 5x Optik 27 Lcd Dijital Kompakt Siyah *,40
18,BOH Samsung G150F Galaxy Alpha Cep Telefonu ,41
8,display 185 193v5lsb2-62 Led Monitor 5ms Siyah final,43
2,$$ HP Pavilion 11-n000nt Pentium N3540 4GB  ,45
3,BOH Apple iPhone 6 Plus 16GB Cep Telefonu #,48
17,$$ Samsung SM-T800 TABS 105 White Tablet *,49
8, 185 193v5lsb2-62 Led Monitor 5ms Siyah ,50
18,NEW Samsung G150F Galaxy Alpha Cep Telefonu ,51
17,NEW Samsung SM-T800 TABS 105 White Tablet #,52
18,NEW Samsung G150F Galaxy Alpha Cep Telefonu *,55
14, Samsung Galaxy Alpha G650 Beyaz Cep Telefonu #,56
11,NEW Tefal GV8930 Pro Express Buhar Jeneratörlü Ütü *,57
19, SAPPHIRE 4GB R9 290X OC ,58
2,NEW HP Pavilion 11-n000nt Pentium N3540 4GB  #,59
20, Sony cazoo Z2 Cep Telefonu final,60
15,sample Tefal GV8930 Pro Express Buhar Kazanlı final,61
16,NEW LG 42LB670V LED TV ,62
12,$$ Sony Xperia Z2 Cep Telefonu *,64
20,$$ Sony cazoo Z2 Cep Telefonu #,69
15,BOH Tefal GV8930 Pro Express Buhar Kazanlı ,70
13, Samsung G950 Fiyatı #,71
5,display Samsung UE-48H6270 LED Televizyon #,72
8,display 185 193v5lsb2-62 Led Monitor 5ms Siyah #,74
11,display Tefal GV8930 Pro Express Buhar Jeneratörlü Ütü final,75
5, Samsung UE-48H6270 LED Televizyon ,76
16,NEW LG 42LB670V LED TV final,77
17,$$ Samsung SM-T800 TABS 105 White Tablet #,79
14,sample Samsung Galaxy Alpha G650 Beyaz Cep Telefonu #,80
9,sample Stdr1000201 25 1tb Bp Usb 30 GUMUS final,81
13,NEW Samsung G950 Fiyatı final,82
7, Sony Xperia M2 Dual ( Sony Türkiye Garantili ) #,83
12,sample Sony Xperia Z2 Cep Telefonu ,85
18, Samsung G150F Galaxy Alpha Cep Telefonu final,87
13,NEW Samsung G950 Fiyatı *,89
11,display Tefal GV8930 Pro Express Buhar Jeneratörlü Ütü #,91
10,sample Dsc-w800 201mp 5x Optik 27 Lcd Dijital Kompakt Siyah ,92
10,BOH Dsc-w800 201mp 5x Optik 27 Lcd Dijital Kompakt Siyah final,93
5,display Samsung UE-48H6270 LED Televizyon ,94
12, Sony Xperia Z2 Cep Telefonu ,95
11,sample Tefal GV8930 Pro Express Buhar Jeneratörlü Ütü final,96
16,display LG 42LB670V LED TV final,97
20,BOH Sony cazoo Z2 Cep Telefonu #,98
7,NEW Sony Xperia M2 Dual ( Sony Türkiye Garantili ) ,99
4, Samsung G750F Galaxy Alpha Cep Telefonu final,100
